conv_layers,filters,kernel,max_pooling_window,epoch,stopped_epoch,auc,accuracy,precision,recall,f1,average_precision,time
2,64,7,2,2,2,0.5,0.011006325483322144,0.011006325211791838,1.0,0.021773009599096557,0.011006325211791838,2741.348073720932
