embedding_out,rnn_layers,lstm_units,epochs,stopped_epoch,auc,accuracy,precision,recall,f1,average_precision,time
32,1,64,1,1,0.8544961521747744,0.812200129032135,0.3372727272727273,0.792629189477901,0.4731954242895293,0.27790050085194784,1777.7329783439636
