embedding_out,rnn_layers,lstm_units,epochs,stopped_epoch,auc,test_accuracy,precision,recall,f1,average_precision,time
32,2,64,3,3,0.7805673643410853,0.769519031047821,0.08730786424125718,0.7380813953488372,0.15614525998585532,0.07031231234961968,4843.000734090805
