embedding_out,rnn_layers,lstm_units,epochs,stopped_epoch,auc,test_accuracy,precision,recall,f1,average_precision,time
16,2,32,2,2,0.7483680216061435,0.8119929432868958,0.21219572931581895,0.6654627098789535,0.32178428133113046,0.16259448119762862,4364.0030605793
