embedding_out,rnn_layers,lstm_units,epochs,stopped_epoch,auc,accuracy,precision,recall,f1,average_precision,time
32,1,64,2,2,0.8622273818851058,0.8687717914581299,0.1000263400500461,0.818426724137931,0.17826546180025818,0.08415218647248404,1791.2241578102112
