conv_layers,filters,kernel,max_pooling_window,epoch,stopped_epoch,auc,accuracy,precision,recall,f1,average_precision,time
2,32,5,4,2,2,0.832199841108677,0.8577072024345398,0.2836030444099608,0.7686761466052473,0.4143366080103638,0.22978857962400723,179.9345052242279
