conv_layers,filters,kernel,max_pooling_window,epoch,stopped_epoch,auc,accuracy,precision,recall,f1,average_precision,time
2,32,5,4,2,2,0.6892769049771839,0.9158900380134583,0.6076970825574177,0.39214900861205687,0.47668898356664635,0.2692876281965476,178.97273421287537
