conv_layers,filters,kernel,max_pooling_window,epoch,stopped_epoch,auc,accuracy,precision,recall,f1,average_precision,time
2,32,5,4,2,2,0.8277520714342218,0.8743352293968201,0.30471366718405357,0.7470458642098938,0.4328652663339909,0.2405271811562252,179.40536546707153
