smell,auc,precision,recall,f1,average_precision
ComplexMethod,0.5021060913419989,0.05137434554973822,0.5031043460845184,0.09322867375531185,0.05117151081098943
