conv_layers,filters,kernel,max_pooling_window,epoch,stopped_epoch,auc,accuracy,precision,recall,f1,average_precision,time
2,32,5,4,2,2,0.8099108429345343,0.8928619027137756,0.3694827025268409,0.6823552974163829,0.47938652033206697,0.2683076042823197,182.79745721817017
