conv_layers,filters,kernel,max_pooling_window,epoch,stopped_epoch,auc,accuracy,precision,recall,f1,average_precision,time
2,32,5,4,2,2,0.8239621946514051,0.8524299263954163,0.2801373441815332,0.751652313238534,0.4081566068515498,0.22322320616295374,185.91485476493835
