smell,auc,precision,recall,f1,average_precision
ComplexConditional,0.4938998622660758,0.012293577981651376,0.4874696847210994,0.023982341360590215,0.012449287139864686
ComplexMethod,0.4987788591639887,0.05073111291632819,0.5003004205888244,0.0921210333191968,0.0508485566806639
MultifacetedAbstraction,0.511613344517788,0.0017813020743549964,0.5254237288135594,0.003550566945367083,0.001743995865569328
