conv_layers,filters,kernel,max_pooling_window,epoch,stopped_epoch,auc,accuracy,precision,recall,f1,average_precision,time
2,32,5,4,2,2,0.8208709145930984,0.8413240909576416,0.31952662721893493,0.7246144602443421,0.4434910517283648,0.24556895294623138,223.98193264007568
