conv_layers,filters,kernel,max_pooling_window,epoch,stopped_epoch,auc,accuracy,precision,recall,f1,average_precision,time
2,32,5,4,2,2,0.8263351534663641,0.8736411333084106,0.2789737540548511,0.7578610054075706,0.40782454060462364,0.2237642200301286,177.88321232795715
