embedding_out,rnn_layers,lstm_units,epochs,stopped_epoch,auc,test_accuracy,precision,recall,f1,average_precision,time
32,2,64,2,2,0.8608766927609673,0.8219563364982605,0.06665440274711798,0.8787388843977365,0.12390994585351951,0.06009938819720023,3208.60453414917
