embedding_out,rnn_layers,lstm_units,epochs,stopped_epoch,auc,accuracy,precision,recall,f1,average_precision,time
20,1,64,2,2,0.7389727895595432,0.6329203844070435,0.030410318012265285,0.7846655791190864,0.0585514303104078,0.02646995540035931,18083.333899736404
