embedding_out,rnn_layers,lstm_units,epochs,stopped_epoch,auc,accuracy,precision,recall,f1,average_precision,time
16,1,32,1,1,0.7417849394767669,0.620703399181366,0.1752015741985026,0.7127098789535338,0.28126203867786426,0.14323363498256267,1316.1621820926666
