embedding_out,rnn_layers,lstm_units,epochs,stopped_epoch,auc,accuracy,precision,recall,f1,average_precision,time
32,1,64,2,2,0.5890380182523349,0.9449406266212463,0.6010430247718384,0.18465852193070298,0.2825187681936571,0.1525425258436367,1409.6099410057068
