embedding_out,rnn_layers,lstm_units,epochs,stopped_epoch,auc,accuracy,precision,recall,f1,average_precision,time
32,1,64,2,2,0.8476765841614877,0.7763940691947937,0.22443929661998527,0.8537953134388143,0.3554425313711594,0.19907670837227284,1390.0103332996368
