embedding_out,rnn_layers,lstm_units,epochs,stopped_epoch,auc,accuracy,precision,recall,f1,average_precision,time
32,1,64,2,2,0.8174934378304083,0.6916716694831848,0.16256815400022254,0.8778289605447627,0.2743318520373036,0.14893362014731482,1384.075425863266
