conv_layers,filters,kernel,max_pooling_window,epoch,stopped_epoch,auc,accuracy,precision,recall,f1,average_precision,time
2,32,5,4,2,2,0.8264076752433724,0.9014668464660645,0.3585205806323325,0.7222110955337473,0.47917081921467025,0.2730853699664605,182.88074898719788
