conv_layers,filters,kernel,max_pooling_window,epoch,stopped_epoch,auc,accuracy,precision,recall,f1,average_precision,time
2,32,5,4,2,2,0.8134689575879127,0.780379593372345,0.1697228144989339,0.8503137935638937,0.28296562909640294,0.15194614721246036,236.03005623817444
