conv_layers,filters,kernel,max_pooling_window,epoch,stopped_epoch,auc,accuracy,precision,recall,f1,average_precision,time
2,32,5,4,2,2,0.810347382413853,0.7104637026786804,0.1717735973055122,0.8375726016422992,0.28508129111421654,0.15215115658278966,185.77328872680664
